Flow ID,Flow Name,User Goal,Entry Point,Prerequisites,Steps Observed,Pages Observed,Required Input,Optional Input,Alternative Branches,Confirmation Step,System Response,Validation,UX Friction,Estimated Difficulty,Observed Status,Evidence,Flow File
FL-AUTH-003,ثبت‌نام,ساخت حساب جدید,صفحه ورود/ثبت‌نام,حساب خارج‌شده,نامشخص,نامشخص,شماره موبایل و OTP احتمالی,نامشخص,نامشخص,OTP احتمالی,,,,نامشخص,قابل‌دسترسی‌نبود,حساب فعلی لاگین بود و خروج انجام نشد,05-flows/registration.md
FL-AUTH-001,ورود,ورود به حساب ملی‌گلد,/pwa/account,خروج از حساب یا شروع ناشناس,نامشخص,نامشخص,شماره موبایل و OTP احتمالی,نامشخص,نامشخص,OTP احتمالی,,,,نامشخص,قابل‌دسترسی‌نبود,حساب از قبل وارد شده بود و خارج نشدم,05-flows/login.md
FL-AUTH-002,احراز هویت,تایید هویت کاربر,Profile,حساب لاگین‌شده,نامشخص,1,نامشخص,نامشخص,تایید/رد/درحال بررسی,نامشخص,,,,نامشخص,قابل‌دسترسی‌نبود,فقط وضعیت تایید شده در پروفایل مشاهده شد,05-flows/identity-verification.md
FL-DASH-001,داشبورد,دیدن قیمت و دارایی و ورود به سرویس‌ها,/pwa/home?asset=gold,ورود,3,1,ندارد,انتخاب طلا/نقره,دارایی طلا یا نقره,ندارد,,,,آسان,مشاهده‌شده,SS:melligold-FL-DASH-001-01-home-dashboard.png,05-flows/dashboard.md
FL-BUY-001,خرید طلا,خرید طلا با موجودی کیف پول,/pwa/buy-sell?asset=gold,ورود و موجودی ریالی,5,3,مبلغ خرید,کد تخفیف,موجودی کافی/ناکافی و حداقل خرید,پیش‌فاکتور,,,,متوسط,ناتمام,SS:melligold-FL-BUY-001-03-confirm-preview.png,05-flows/buy-gold.md
FL-SELL-001,فروش طلا,فروش موجودی طلا,/pwa/buy-sell?asset=gold&tab=sell,ورود و موجودی طلا,3,1,مبلغ/مقدار فروش,کل موجودی,موجودی کافی/ناکافی,پیش‌فاکتور احتمالی,,,,متوسط,قابل‌دسترسی‌نبود,SS:melligold-FL-SELL-001-02-insufficient-gold.png,05-flows/sell-gold.md
FL-DEPOSIT-001,واریز ریالی,شارژ کیف پول,/pwa/payment-gateway/methods,ورود و کارت/حساب مجاز بسته به روش,4,6,مبلغ یا انجام انتقال,کارت/حساب,درگاه/کارت‌به‌کارت/حساب/شناسه/سنگین,پرداخت یا اعلام واریز,,,,متوسط,ناتمام,SS:melligold-FL-DEPOSIT-001-01-method-list.png,05-flows/deposit.md
FL-WITHDRAW-001,برداشت ریالی,برداشت از کیف پول به حساب بانکی,/pwa/payout,ورود و حساب بانکی,4,2,مبلغ برداشت و حساب مقصد,کل موجودی,بانک مقصد و چرخه پایا,ثبت برداشت,,,,متوسط,ناتمام,SS:melligold-FL-WITHDRAW-001-01-payout-entry.png,05-flows/withdrawal.md
FL-BANK-001,مدیریت حساب بانکی,مشاهده یا افزودن کارت,/pwa/cards,ورود و احراز هویت,3,3,شماره کارت برای افزودن,ندارد,کارت معتبر/خالی,افزودن کارت,,,,متوسط,ناتمام,SS:melligold-FL-BANK-001-02-add-account-form.png,05-flows/bank-accounts.md
FL-HISTORY-001,تاریخچه و رسید,دیدن تراکنش‌ها و رسید,/pwa/history,ورود,4,5,ندارد,انتخاب تب,تب‌های تراکنش,ندارد,,,,آسان,مشاهده‌شده,SS:melligold-FL-HISTORY-001-05-deposit-receipt.png,05-flows/history.md
FL-SHIPMENT-001,تحویل فیزیکی,دریافت شمش/محصول فیزیکی,/pwa/shipment,ورود و موجودی طلا,5,6,انتخاب روش و محصول/شعبه,سبد تحویل,درب منزل/شعبه,ثبت درخواست تحویل,,,,متوسط,قابل‌دسترسی‌نبود,SS:melligold-FL-SHIPMENT-003-03-after-branch-select.png,05-flows/physical-delivery.md
FL-ZARGAR-001,طرح زرگر,سپرده‌گذاری طلا برای سود طلایی,/pwa/investments/portfolio,ورود و موجودی طلا,5,4,مقدار گرم و دوره,کل موجودی,دوره‌های سود,انتخاب طرح,,,,متوسط,قابل‌دسترسی‌نبود,SS:melligold-FL-ZARGAR-001-03-start-form-or-limit.png,05-flows/zargar.md
FL-CREDIT-001,وام آنی,دریافت اعتبار با وثیقه طلا,/pwa/credit,ورود و موجودی طلای کافی,4,3,مقدار اعتبار,تنظیم مبلغ,وثیقه کافی/ناکافی,دریافت اعتبار,,,,متوسط,ناتمام,SS:melligold-FL-CREDIT-001-02-calculation-raw.png,05-flows/instant-credit.md
FL-INSTALLMENT-001,خرید قسطی,خرید طلا با تامین‌کننده اقساطی,/pwa/loan,ورود و اعتبار تامین‌کننده,4,5,مبلغ خرید یا انتخاب طرح,تامین‌کننده,ازکی/دیجی‌پی/وایب,خرید/انتخاب,,,,متوسط,ناتمام,SS:melligold-FL-INSTALLMENT-002-02-azki-calculator-raw.png,05-flows/installment.md
FL-LIMIT-001,سفارش خودکار,ثبت سفارش شرطی خرید/فروش,/pwa/limit-order,ورود و موجودی کافی,4,1,قیمت سفارش و مقدار سفارش,مدت اعتبار و واحد,خرید/فروش,ثبت سفارش,,,,متوسط,ناتمام,شواهد متنی مستقیم؛ اسکرین‌شات پایدار نشد,05-flows/automatic-order.md
FL-GIFTCARD-001,کارت هدیه,سفارش یا فعال‌سازی کارت هدیه,/pwa/gift-card,ورود و موجودی/کد,4,3,انتخاب محصول یا کد کارت,ندارد,سفارش/فعال‌سازی,دریافت/ثبت,,,,متوسط,ناتمام,شواهد متنی مستقیم؛ اسکرین‌شات قابل استفاده ندارد,05-flows/gift-card.md
FL-REFERRAL-001,دعوت دوستان,ارسال لینک یا دعوت با موبایل,/pwa/referral,ورود,4,3,شماره موبایل در مسیر دعوت مستقیم,اشتراک‌گذاری لینک,دعوت‌شده/تاییدشده,ارسال دعوت,,,,آسان,ناتمام,شواهد متنی مستقیم؛ اسکرین‌شات قابل استفاده ندارد,05-flows/referral.md
FL-SUPPORT-001,پشتیبانی,گرفتن کمک یا ثبت سوال,Profile > پشتیبانی,ورود,3,2,متن سوال در مسیر سوال جدید,تماس تلفنی,چت/FAQ/تماس,ارسال پیام یا تماس,,,,آسان,ناتمام,شواهد متنی مستقیم؛ فرم سوال جدید پایدار باز نشد,05-flows/support.md
FL-SECURITY-001,ورود دومرحله‌ای,فعال‌سازی امنیت حساب,/pwa/two-factor-auth,ورود و اپ Authenticator و OTP,5,1,کد یکبارمصرف و Setup Key/QR,فعال/غیرفعال,درخواست کد,ثبت تنظیمات,,,,متوسط,قابل‌دسترسی‌نبود,SS:melligold-FL-SECURITY-001-01-two-factor.png,05-flows/security.md
